N,avg,std
256,16777.770765804322,69.20015116425704
500,19221.49219951133,121.56936547859087
864,62688.50362211181,552.286086296262
1372,19964.730880218773,174.1525595032114
2048,21318.710312408613,120.69097128401116
