N,avg,std
256,16797.32529452203,60.06086511228108
500,19028.789038545005,58.83093054455251
864,63906.63431896776,593.382435388456
1372,20091.991325753443,108.92834892353318
2048,21398.18655680033,37.692954913739314
