N,avg,std
256,16697.090093326686,17.684191700830112
500,19139.905422448293,75.49030927098832
864,62677.05060276038,559.3612360553248
1372,20026.573094602627,89.7950750528856
2048,21385.182780895077,124.91503251447949
