N,avg,std
256,16841.867810428284,64.6830456142531
500,19109.83672089376,68.70296683178222
864,63489.00939232534,588.7424451858465
1372,20043.043968903716,43.72194535003068
2048,21352.967568936117,25.69155397005543
