N,avg,std
256,16753.06478899838,48.613025306282175
500,19055.853933807648,69.7548361240197
864,63910.04091273239,596.3164407640314
1372,20177.41795273188,73.80532874237159
2048,21431.92898257464,69.23521177284633
