N,avg,std
256,16239.599421447041,73.8578974670573
500,18386.59371662875,6.109694010840803
864,67721.362815502,3.336917311571996
1372,20713.734062180643,33.45145418707717
2048,21632.123322013882,19.982072125540228
