N,avg,std
256,16762.99444713577,49.82213278827895
500,19103.495173637395,112.97906622957105
864,67315.69413219951,3.445801151598935
1372,21178.613200180986,84.6884700513182
2048,22262.904683789693,16.140333091331076
