N,avg,std
256,12077.134919815559,52.837444320904225
500,12762.380123841576,45.30787011864736
864,47475.728341240225,6.457464568625664
1372,14272.619376588242,69.60115800154682
2048,14810.689039951358,18.843706036834455
