N,avg,std
256,16279.531654892113,61.59532589091504
500,18438.120361784953,56.661163269765254
864,67610.19476470283,3.034708369101417
1372,20720.73369828507,43.51932843650229
2048,21663.94703960877,27.882666597764338
