N,avg,std
256,15878.26570478138,49.01718445220278
500,18056.640779901358,47.02374236188815
864,67771.7455539272,63.36012734237201
1372,20420.502610750475,18.055165724619865
2048,21395.01745325654,34.742484150195935
