N,avg,std
256,28348.478550506625,131.5067496933059
500,38503.622751437244,22.75248121007856
864,25166.339473414177,6.8781499212339785
1372,52004.35652224246,6.84828906625663
2048,55372.90981402027,9.663720347941942
