N,avg,std
256,8803.396030960294,29.401599616221045
500,9690.413663815329,8.706442581314592
864,10104.261940296465,16.316592838086272
1372,10499.267236343585,85.55446805811184
2048,10899.233756247953,27.293640522059345
