N,avg,std
256,15579.86741224239,68.68311589270732
500,19683.253361348903,30.903546823372
864,21708.394577241244,17.219941011033555
1372,23119.42600114686,6.557677996291726
2048,23909.619051435624,191.63005909690625
