N,avg,std
256,22007.6024266348,82.08184399438272
500,28987.004642587737,66.06556335425826
864,17707.83014726496,1.2001331668326705
1372,37618.66437288983,36.272627985458236
2048,39607.08347238,119.18313280494874
