N,avg,std
256,74377.39692783069,0.0
500,112866.76609799007,0.0
864,116245.13762749429,0.0
1372,112226.43415041133,0.0
2048,125095.93111239746,0.0
2916,140789.63731132925,0.0
