N,avg,std
256,8931.836132662427,22.442497361460156
500,9698.833511635672,24.170120267704636
864,34055.04442382855,570.9063527281846
1372,10738.630926792363,9.394736294975983
2048,11124.48958208121,28.964426178228955
