N,avg,std
108,0.21101899999999998,0.005579140435586836
256,3.992468666666667,0.007790321573736539
500,13.690259,0.16606493923362248
