N,avg,std
108,0.2146865,0.0011035000000000073
256,4.1220695,0.004677500000000112
500,13.8033515,0.045494500000000215
