N,avg,std
108,0.7432340666666666,0.0054996884089515
256,9.40154165,0.1559628554532376
500,32.442461200000004,0.06574913227838088
