N,avg,std
256,8913.187113221866,26.26412281533786
500,9726.817145920464,46.553570897662276
864,34094.27384439038,402.2439938746334
1372,10742.311885261779,7.946518890540063
2048,11134.313222116509,10.40642769940095
