N,avg,std
256,8733.517922583875,43.95148498506791
500,9624.818657624855,69.05595018687622
864,9991.674080032026,13.298612200419688
1372,10719.838779756516,76.83819899675953
2048,10856.523257519926,36.29183420233905
