N,avg,std
256,15726.400904673,59.758237923224364
500,19614.731630798375,25.224219623046118
864,21943.799369445813,2.3783588747384425
1372,23149.80477204092,4.164405396316763
2048,24293.39864215108,4.430221763678158
