N,avg,std
256,8791.039480759382,59.387779634594295
500,9704.86946610021,21.643860116561267
864,9957.92618190865,35.95073757466584
1372,10510.964091833028,26.177885750066746
2048,11141.062052819854,3.8449048890469855
