N,avg,std
256,28934.722871181264,79.05436840687305
500,38972.892099492914,53.307415432304644
864,23064.665707109732,2.17305145251216
1372,51961.44708716419,39.682881055169325
2048,54170.653620216064,400.25178013531945
