N,avg,std
256,17809.978514080252,17.908798939571078
500,24273.63059652095,11.502581033210749
864,29086.011543331406,4.17841186719809
1372,32099.75295426676,7.2730642634906495
2048,34553.04368131184,0.9082626028583575
