N,avg,std
256,27946.31665741425,101.17163696652878
500,38201.07546541961,67.3174787320347
864,45969.82026896775,49.822154016242536
1372,51505.20268460413,36.08191514881089
2048,55121.60148096695,11.558083439968696
