N,avg,std
256,16514.80915844966,144.90664335485607
500,18203.371603417287,12.28740899192956
864,29636.49420359456,48.945211866625826
1372,20382.747839818694,66.61548503307259
2048,21294.374408796517,65.20901635133838
