N,avg,std
256,15955.331251999762,59.58500851576042
500,17783.510503923735,41.75810896642862
864,68173.0853197057,7.266802934099296
1372,19950.94527173696,5.362494792568483
2048,20855.680974760446,17.06543140885309
