N,avg,std
256,16416.98997284289,35.49393443105778
500,18179.739822584434,28.267917922629014
864,68225.71211586236,73.81220039820097
1372,20287.979106219598,10.46711309744361
2048,21253.023586184892,46.93754402739266
