N,avg,std
256,16160.043846001317,0.0
500,18223.767708097166,0.0
864,67458.33929690365,0.0
1372,20542.71003664868,0.0
2048,21377.514421840322,0.0
