N,avg,std
256,15920.75245180898,48.68360181410115
500,18177.118103389428,37.42100219115866
864,67734.32117653619,6.123891355816808
1372,20459.410550482844,67.62297210550516
2048,21431.999182118932,22.915397643956563
