N,avg,std
256,12107.872328723568,46.911739606497065
500,12748.6417578157,3.762336698744292
864,47477.38872577133,5.531114294736255
1372,14272.555563827038,12.142781090883313
2048,14840.241824692379,16.503117192131093
