N,avg,std
256,16283.196628100637,86.43543108582622
500,18418.365898435328,40.31144715351422
864,67604.7924010377,5.224774784300639
1372,20746.338823277838,34.40687809723129
2048,21658.55532223966,79.53301359760492
