N,avg,std
256,6858.28922545988,26.960501005775427
500,7696.589330121181,35.755022938135376
864,17454.345841401842,8.355121275885498
1372,8742.601294686147,13.816087311255327
2048,9105.657126638345,21.80278709482417
