N,avg,std
256,29376.0,3264.0
500,31187.5,0.0
864,35506.28571428572,0.0
1372,38585.8762886598,197.87628865979423
2048,41713.99004975124,0.0
