N,avg,std
256,43520.0,0.0
500,41583.333333333336,0.0
864,48105.290322580644,0.0
1372,52638.88767123288,1104.3123287671224
2048,57232.83049110055,195.33389246109436
