N,avg,std
256,16830.20340878651,0.0
500,19138.86608930448,0.0
864,63090.74701704671,0.0
1372,19882.285780677357,0.0
2048,21400.413270243404,0.0
