N,avg,std
256,16893.670630539953,110.6758926878319
500,18983.550131924374,65.6066243368309
864,62695.02936430254,552.2842600445769
1372,20016.572503120573,87.88464538329268
2048,21290.43406460433,78.11230283343475
