N,avg,std
256,23439.923617593002,21.40774654276165
500,29866.788793638825,31.88481832252991
864,41031.97364212147,23.545089225509702
1372,35031.35469295855,13.797938144700138
2048,37546.389640419286,2.2421544400894042
