N,avg,std
256,17137.804989802415,32.569716674110566
500,20312.492371302884,13.54632558329691
864,24577.365146653407,6.527312685083505
1372,22472.89719926212,158.34092798920156
2048,24076.165634298795,252.37545541870531
