N,avg,std
256,23376.201511066698,18.612495144681816
500,29879.628307081784,4.548051480418508
864,41061.4999743699,28.108228562614386
1372,35025.044416792734,13.26659315600773
2048,37530.5300221614,0.22695876202124055
