N,avg,std
256,14344.79048761081,0.0
500,15894.487613320689,0.0
864,66706.90141669144,0.0
1372,17825.537488647784,0.0
2048,18979.71611926772,0.0
