N,avg,std
256,25092.617435217766,0.0
500,32226.032227582178,0.0
864,49323.45883374606,0.0
1372,41129.063204646394,0.0
2048,40837.80578386606,0.0
