N,avg,std
256,16818.301477891404,42.1785474793779
500,18670.609332593212,29.23336309230622
864,63398.39718961904,475.2022187147722
1372,19927.49115897667,153.70445318923234
2048,21261.212570696116,74.18233776527933
