N,avg,std
256,16846.451612903227,0.0
500,18718.44029702826,0.0
864,63888.142968947206,0.0
1372,20014.0927680798,0.0
2048,21518.146057600774,0.0
