N,avg,std
256,14531.894034710926,0.0
500,16016.0481444333,0.0
864,66741.88531468532,0.0
1372,17945.109722627043,0.0
2048,18898.00200001859,0.0
