N,avg,std
256,23354.27156352698,0.0
500,29835.1223843895,0.0
864,40879.10873332395,0.0
1372,37190.9522760678,0.0
2048,38010.525117248326,0.0
