N,avg,std
256,23299.729502941078,111.56257229351831
500,29804.39727624393,14.700595054935548
864,40870.410665570635,26.494121185787662
1372,35063.567025084514,14.348435067757237
2048,38000.63812990145,9.766709956544219
