N,avg,std
256,16415.212335348104,0.0
500,18770.487196835,0.0
864,48175.95668071566,0.0
1372,20661.9982931387,0.0
2048,21691.137202619644,0.0
